-- --------------------------------------------------------
-- Host:                         pemilos.smkbatikpwrj.sch.id
-- Server version:               10.3.38-MariaDB-cll-lve - MariaDB Server
-- Server OS:                    Linux
-- HeidiSQL Version:             12.1.0.6537
-- --------------------------------------------------------

/*!40101 SET @OLD_CHARACTER_SET_CLIENT=@@CHARACTER_SET_CLIENT */;
/*!40101 SET NAMES utf8 */;
/*!50503 SET NAMES utf8mb4 */;
/*!40103 SET @OLD_TIME_ZONE=@@TIME_ZONE */;
/*!40103 SET TIME_ZONE='+00:00' */;
/*!40014 SET @OLD_FOREIGN_KEY_CHECKS=@@FOREIGN_KEY_CHECKS, FOREIGN_KEY_CHECKS=0 */;
/*!40101 SET @OLD_SQL_MODE=@@SQL_MODE, SQL_MODE='NO_AUTO_VALUE_ON_ZERO' */;
/*!40111 SET @OLD_SQL_NOTES=@@SQL_NOTES, SQL_NOTES=0 */;


-- Dumping database structure for smkbatik_pemilos
DROP DATABASE IF EXISTS `smkbatik_pemilos`;
CREATE DATABASE IF NOT EXISTS `smkbatik_pemilos` /*!40100 DEFAULT CHARACTER SET latin1 COLLATE latin1_swedish_ci */;
USE `smkbatik_pemilos`;

-- Dumping structure for table smkbatik_pemilos.data_caketos_cawalos
DROP TABLE IF EXISTS `data_caketos_cawalos`;
CREATE TABLE IF NOT EXISTS `data_caketos_cawalos` (
  `id_dataCalon` int(11) NOT NULL AUTO_INCREMENT,
  `program_kerja` varchar(255) NOT NULL DEFAULT '',
  `visi` mediumtext NOT NULL DEFAULT '',
  `misi` mediumtext DEFAULT NULL,
  `video` text DEFAULT NULL,
  `id_user` int(11) NOT NULL,
  `id_tahun` int(11) NOT NULL,
  `id_seri` int(11) NOT NULL,
  PRIMARY KEY (`id_dataCalon`),
  KEY `login` (`id_user`),
  CONSTRAINT `login` FOREIGN KEY (`id_user`) REFERENCES `user` (`id_user`)
) ENGINE=InnoDB AUTO_INCREMENT=52 DEFAULT CHARSET=latin1 COLLATE=latin1_swedish_ci;

-- Dumping data for table smkbatik_pemilos.data_caketos_cawalos: ~5 rows (approximately)
DELETE FROM `data_caketos_cawalos`;
INSERT INTO `data_caketos_cawalos` (`id_dataCalon`, `program_kerja`, `visi`, `misi`, `video`, `id_user`, `id_tahun`, `id_seri`) VALUES
	(25, 'nanti juga tau', 'panjang brooo ', 'mending copas', ' <iframe height="300px" src="https://www.youtube.com/embed/buzPmWO1mE4" title="PASLON KETUA DAN WAKIL KETUA OSIS SMK BATIK PERBAIK PURWOREJO PERIODE 2022/2023 KANDIDAT NO 01" frameborder="0" allow="accelerometer; autoplay; clipboard-write; encrypted-media; gyroscope; picture-in-picture" allowfullscreen></iframe>', 75, 25, 1),
	(26, '', 'Menjadikan osis yang aktif dan bertanggung jawab serta membentuk kepribadian siswa siswi SMK Batik Perbaik yang sopan santun, disiplin, dan berkarakter. ', '1. Meningkatkan keimanan dan ketakwaan kepada Tuhan Yang Maha Esa.<br/>\r\n2. Mewujudkan program kerja yang dapat mengembangkan bakat.<br/>\r\n3. Memberikan contoh yang baik untuk siswa-siswi SMK Batik Perbaik Purworejo.<br/>\r\n4. Membuat program kegiatan yang mengasah kreatifitas dan membangun kemandirian.', ' <iframe height="300" src="https://www.youtube.com/embed/L4y8VFixpQc" title="PASLON KETUA DAN WAKIL KETUA OSIS SMK BATIK PERBAIK PURWOREJO PERIODE 2022/2023 KANDIDAT NOMER 02" frameborder="0" allow="accelerometer; autoplay; clipboard-write; encrypted-media; gyroscope; picture-in-picture" allowfullscreen></iframe>', 76, 25, 2),
	(27, '', 'Menjadikan Osis SMK Batik Perbaik Purworejo sebagai wadah untuk menjadi tauladan yang aktif,kreatif,disiplin,bertanggung jawab dan religius.', '1. Meningkatkan keimanan dan ketakwaan terhadap Tuhan yang Maha Esa.<br/>\r\n2. Meningkatkan kerjasama dan kekompakan dalam berorganisasi.<br/>\r\n3. Meningkatkan bakat dan minat siswa melalui, ekstrakulikuler, dan program kerja yang ada di sekolah.<br/>\r\n4. Meningkatkan kedisiplinan di lingkungan sekolah maupun di lingkungan luar sekolah.', ' <iframe height="300" src="https://www.youtube.com/embed/Zchl7WUVn7A" title="PASLON KETUA DAN WAKIL KETUA OSIS SMK BATIK PERBAIK PURWOREJO PERIODE 2022/2023 KANDIDAT NO 03" frameborder="0" allow="accelerometer; autoplay; clipboard-write; encrypted-media; gyroscope; picture-in-picture" allowfullscreen></iframe>', 77, 25, 3),
	(50, '', '', '', NULL, 116, 42, 1),
	(51, '', '', '', NULL, 117, 42, 2);

-- Dumping structure for table smkbatik_pemilos.data_pribadi
DROP TABLE IF EXISTS `data_pribadi`;
CREATE TABLE IF NOT EXISTS `data_pribadi` (
  `id_pribadi` int(11) NOT NULL AUTO_INCREMENT,
  `nama` varchar(50) NOT NULL,
  `nis` varchar(10) NOT NULL,
  `alamat` varchar(100) NOT NULL,
  `kelas` varchar(50) NOT NULL,
  `peng_organisasi` tinytext NOT NULL,
  `agama` varchar(20) NOT NULL,
  `no-hp` varchar(15) NOT NULL,
  `nama_wakil` varchar(50) NOT NULL,
  `nis_wakil` int(10) NOT NULL,
  `alamat_wakil` varchar(100) NOT NULL,
  `kelas_wakil` varchar(30) NOT NULL,
  `peng_organisasi_wakil` tinytext NOT NULL,
  `agama_wakil` varchar(30) NOT NULL,
  `no_hp_wakil` varchar(20) NOT NULL,
  `foto_paslon` varchar(255) DEFAULT NULL,
  `id_user` int(11) NOT NULL,
  `id_tahun` int(11) NOT NULL,
  `id_seri` int(11) NOT NULL,
  PRIMARY KEY (`id_pribadi`)
) ENGINE=InnoDB AUTO_INCREMENT=65 DEFAULT CHARSET=latin1 COLLATE=latin1_swedish_ci;

-- Dumping data for table smkbatik_pemilos.data_pribadi: ~5 rows (approximately)
DELETE FROM `data_pribadi`;
INSERT INTO `data_pribadi` (`id_pribadi`, `nama`, `nis`, `alamat`, `kelas`, `peng_organisasi`, `agama`, `no-hp`, `nama_wakil`, `nis_wakil`, `alamat_wakil`, `kelas_wakil`, `peng_organisasi_wakil`, `agama_wakil`, `no_hp_wakil`, `foto_paslon`, `id_user`, `id_tahun`, `id_seri`) VALUES
	(38, 'Alfitsa Nur Muharram', '', 'di ama                    ', 'XI OTKP   ', '                                                                                                                                                                          2. apa ya rahasia                                                                    ', '', '089651423514321', 'Wahyu Mulia Ramadhani', 0, '.', 'X TKJ', '                                                                                                                                                                          1.nantidah di isi                                                                    ', '', '08956172681', '', 75, 25, 1),
	(39, 'Rahma Anisnasari', '', '', 'XI OTKP 2', 'Pengurus OSIS Periode 2021/2022 sebagai bendahara 2', '', '', 'Liliy Revalina', 0, '', 'X OTKP 2', '-', '', '', 'foto_profil_02.jpg', 76, 25, 2),
	(40, 'Aulia Anindhita', '', '', 'XI AKL 1', 'Pengurus OSIS periode 2021/2022 sebagai seksi bidang budi pekerti luhur/akhlak mulia', '', '', 'Um\'datul Nikmah', 0, '', 'X RPL', 'Pengurus OSIS di SMP sebagai seksi bidang kepribadian unggul, wawasan kebangsaan dan bela negara', '', '', 'foto_profil_03.jpg', 77, 25, 3),
	(63, '', '', '', '', '', '', '', '', 0, '', '', '', '', '', NULL, 116, 42, 1),
	(64, '', '', '', '', '', '', '', '', 0, '', '', '', '', '', NULL, 117, 42, 2);

-- Dumping structure for table smkbatik_pemilos.FILE
DROP TABLE IF EXISTS `FILE`;
CREATE TABLE IF NOT EXISTS `FILE` (
  `id` int(11) NOT NULL AUTO_INCREMENT,
  `jenis_file` varchar(100) DEFAULT NULL,
  `nama_file` varchar(100) DEFAULT NULL,
  `tempat_file` varchar(100) DEFAULT NULL,
  PRIMARY KEY (`id`)
) ENGINE=InnoDB DEFAULT CHARSET=latin1 COLLATE=latin1_swedish_ci;

-- Dumping data for table smkbatik_pemilos.FILE: ~0 rows (approximately)
DELETE FROM `FILE`;

-- Dumping structure for table smkbatik_pemilos.kode_random
DROP TABLE IF EXISTS `kode_random`;
CREATE TABLE IF NOT EXISTS `kode_random` (
  `id_kode` int(11) NOT NULL AUTO_INCREMENT,
  `digit` varchar(50) NOT NULL DEFAULT '',
  `id_tahun` int(11) NOT NULL,
  PRIMARY KEY (`id_kode`),
  UNIQUE KEY `digit` (`digit`)
) ENGINE=InnoDB AUTO_INCREMENT=1580 DEFAULT CHARSET=latin1 COLLATE=latin1_swedish_ci;

-- Dumping data for table smkbatik_pemilos.kode_random: ~550 rows (approximately)
DELETE FROM `kode_random`;
INSERT INTO `kode_random` (`id_kode`, `digit`, `id_tahun`) VALUES
	(1004, '2022Q1AF', 25),
	(1005, '2022W3VO', 25),
	(1006, '2022GDTC', 25),
	(1007, '2022YBXW', 25),
	(1008, '2022W811', 25),
	(1009, '2022TS77', 25),
	(1010, '2022STKP', 25),
	(1011, '2022NA84', 25),
	(1012, '20225G4E', 25),
	(1013, '2022SCK5', 25),
	(1014, '2022BJUZ', 25),
	(1015, '2022R9H2', 25),
	(1016, '2022LRLT', 25),
	(1017, '2022SF63', 25),
	(1018, '2022LZWM', 25),
	(1019, '2022DMQS', 25),
	(1020, '2022HCD1', 25),
	(1021, '2022AP7X', 25),
	(1022, '2022QLNT', 25),
	(1023, '2022SIG0', 25),
	(1024, '2022KKEG', 25),
	(1025, '2022FKOO', 25),
	(1026, '2022FGT3', 25),
	(1027, '2022IDYD', 25),
	(1028, '2022P77T', 25),
	(1029, '2022C372', 25),
	(1030, '20221NFL', 25),
	(1031, '2022RQNV', 25),
	(1032, '2022MZQ0', 25),
	(1033, '20222LHJ', 25),
	(1034, '2022JKTX', 25),
	(1035, '2022D0PN', 25),
	(1036, '2022C65H', 25),
	(1037, '2022PD4Q', 25),
	(1038, '2022D96Q', 25),
	(1039, '2022X2QY', 25),
	(1040, '2022V7MJ', 25),
	(1041, '2022KSMH', 25),
	(1042, '20222A6L', 25),
	(1043, '2022E5ZW', 25),
	(1044, '20222GVQ', 25),
	(1045, '20225QBN', 25),
	(1046, '2022TBMH', 25),
	(1047, '2022GDQM', 25),
	(1048, '20226B2J', 25),
	(1049, '2022E43L', 25),
	(1050, '202295D4', 25),
	(1051, '20224HL1', 25),
	(1052, '2022OSK0', 25),
	(1053, '2022N4QH', 25),
	(1054, '2022MLIW', 25),
	(1055, '2022FWBO', 25),
	(1056, '2022UTSS', 25),
	(1057, '2022AB1L', 25),
	(1058, '2022Q1AJ', 25),
	(1059, '20226YSJ', 25),
	(1060, '2022X9QB', 25),
	(1061, '20227JDH', 25),
	(1062, '2022N35G', 25),
	(1063, '2022NHOX', 25),
	(1064, '2022P9G8', 25),
	(1065, '2022U805', 25),
	(1066, '2022V4JG', 25),
	(1067, '2022KX0V', 25),
	(1068, '2022PASH', 25),
	(1069, '2022MNB0', 25),
	(1070, '2022ETCT', 25),
	(1071, '2022W3HI', 25),
	(1072, '2022SVNU', 25),
	(1073, '2022RGBK', 25),
	(1074, '20224PWS', 25),
	(1075, '20228NWP', 25),
	(1076, '2022ZN7K', 25),
	(1077, '2022V8IT', 25),
	(1078, '2022Y7WV', 25),
	(1079, '2022RF1J', 25),
	(1080, '2022VSRX', 25),
	(1081, '2022TDSS', 25),
	(1082, '2022518C', 25),
	(1083, '2022MKDE', 25),
	(1084, '2022K25Y', 25),
	(1085, '2022RZD3', 25),
	(1086, '2022MBRL', 25),
	(1087, '2022QXS3', 25),
	(1088, '2022EPXN', 25),
	(1089, '2022HCCA', 25),
	(1090, '2022U0AE', 25),
	(1091, '2022Y9S6', 25),
	(1092, '2022B1RZ', 25),
	(1093, '20220IZ6', 25),
	(1094, '20228KO9', 25),
	(1095, '20226ZTV', 25),
	(1096, '2022PYKF', 25),
	(1097, '2022C6FC', 25),
	(1098, '2022915Q', 25),
	(1099, '2022VLWE', 25),
	(1100, '2022WIRG', 25),
	(1101, '20223PTH', 25),
	(1102, '2022N94U', 25),
	(1103, '2022BPR9', 25),
	(1104, '20221BY6', 25),
	(1105, '202271OP', 25),
	(1106, '20226N3C', 25),
	(1107, '2022EQW5', 25),
	(1108, '2022T9SE', 25),
	(1109, '2022SMPN', 25),
	(1110, '2022H712', 25),
	(1111, '20223RYR', 25),
	(1112, '2022NTX9', 25),
	(1113, '2022QJOX', 25),
	(1114, '20225U5U', 25),
	(1115, '2022MX35', 25),
	(1116, '2022ESWD', 25),
	(1117, '2022JOA1', 25),
	(1118, '2022L37W', 25),
	(1119, '2022X7YZ', 25),
	(1120, '2022YE1N', 25),
	(1121, '2022FXTO', 25),
	(1122, '20227UZ4', 25),
	(1123, '2022V1KO', 25),
	(1124, '2022XV64', 25),
	(1125, '2022HR21', 25),
	(1126, '2022Z3V9', 25),
	(1127, '20221CJD', 25),
	(1128, '2022NEVP', 25),
	(1129, '2022I26T', 25),
	(1130, '2022OKV5', 25),
	(1131, '2022S7PK', 25),
	(1132, '2022KDGC', 25),
	(1133, '2022YNZX', 25),
	(1134, '2022UTZ9', 25),
	(1135, '20221TIT', 25),
	(1136, '2022ZSUN', 25),
	(1137, '2022VMAQ', 25),
	(1138, '2022WLGR', 25),
	(1139, '2022PCUQ', 25),
	(1140, '2022ZTIN', 25),
	(1141, '2022783V', 25),
	(1142, '2022U03T', 25),
	(1143, '2022C5SO', 25),
	(1144, '2022DAYN', 25),
	(1145, '20221DKA', 25),
	(1146, '20225K7U', 25),
	(1147, '2022B1AK', 25),
	(1148, '2022Y55W', 25),
	(1149, '20228CIX', 25),
	(1150, '2022PDGY', 25),
	(1151, '20226DQ7', 25),
	(1152, '2022RBTY', 25),
	(1153, '2022TUWQ', 25),
	(1154, '202249XN', 25),
	(1155, '20223DQ4', 25),
	(1156, '20221PK1', 25),
	(1157, '2022SO5L', 25),
	(1158, '20223PY6', 25),
	(1159, '20228WL8', 25),
	(1160, '202293XU', 25),
	(1161, '2022U3BV', 25),
	(1162, '202248VZ', 25),
	(1163, '2022YJKW', 25),
	(1164, '2022X7DY', 25),
	(1165, '2022OGVO', 25),
	(1166, '20221XCX', 25),
	(1167, '20224MI5', 25),
	(1168, '2022OSD6', 25),
	(1169, '2022MUV3', 25),
	(1170, '2022WKTJ', 25),
	(1171, '2022Y3XD', 25),
	(1172, '20225IFM', 25),
	(1173, '2022WSY3', 25),
	(1174, '2022CNBT', 25),
	(1175, '2022IZ3G', 25),
	(1176, '20227Q7N', 25),
	(1177, '202288OT', 25),
	(1178, '2022EAIA', 25),
	(1179, '2022JB8T', 25),
	(1180, '2022VBLY', 25),
	(1181, '2022NEXN', 25),
	(1182, '20226KN7', 25),
	(1183, '2022EY9N', 25),
	(1184, '20221QFR', 25),
	(1185, '2022IENM', 25),
	(1186, '20222GH4', 25),
	(1187, '2022PJ5Q', 25),
	(1188, '2022WS2V', 25),
	(1189, '20226SM6', 25),
	(1190, '2022CL6A', 25),
	(1191, '2022HB40', 25),
	(1192, '20220UND', 25),
	(1193, '2022ED98', 25),
	(1194, '2022SLA0', 25),
	(1195, '2022VOBQ', 25),
	(1196, '2022V2XS', 25),
	(1197, '202274E8', 25),
	(1198, '20226FGS', 25),
	(1199, '2022K5RG', 25),
	(1200, '2022YT1Q', 25),
	(1201, '2022JUUL', 25),
	(1202, '202260KM', 25),
	(1203, '20225HNW', 25),
	(1204, '2022DIFC', 25),
	(1205, '2022VPMX', 25),
	(1206, '202247CG', 25),
	(1207, '2022XKQY', 25),
	(1208, '2022IGJL', 25),
	(1209, '2022F42S', 25),
	(1210, '20224CHV', 25),
	(1211, '2022ZBY8', 25),
	(1212, '2022D0TI', 25),
	(1213, '2022OT6B', 25),
	(1214, '2022E6S2', 25),
	(1215, '2022O79S', 25),
	(1216, '20227OPB', 25),
	(1217, '2022LPWT', 25),
	(1218, '2022SF5E', 25),
	(1219, '2022RS1V', 25),
	(1220, '20221WW4', 25),
	(1221, '202279NG', 25),
	(1222, '2022ZD3N', 25),
	(1223, '2022IC1T', 25),
	(1224, '20221FD7', 25),
	(1225, '2022P3I0', 25),
	(1226, '2022DKUF', 25),
	(1227, '2022BOO2', 25),
	(1228, '2022AOXX', 25),
	(1229, '2022WIQ4', 25),
	(1230, '20222WW6', 25),
	(1231, '2022KMEZ', 25),
	(1232, '20223MTM', 25),
	(1233, '20224RR5', 25),
	(1234, '20227I40', 25),
	(1235, '2022E0EF', 25),
	(1236, '2022901W', 25),
	(1237, '20225GTX', 25),
	(1238, '2022U7SS', 25),
	(1239, '2022WGBK', 25),
	(1240, '2022JDGB', 25),
	(1241, '2022UZRB', 25),
	(1242, '2022Y8X1', 25),
	(1243, '202213VB', 25),
	(1244, '2022QZOV', 25),
	(1245, '2022LAES', 25),
	(1246, '202208GG', 25),
	(1247, '2022E2YV', 25),
	(1248, '2022LTRB', 25),
	(1249, '2022WAGB', 25),
	(1250, '2022SVSS', 25),
	(1251, '20227PCI', 25),
	(1252, '2022Z0VY', 25),
	(1253, '2022D9WB', 25),
	(1254, '2022F57Q', 25),
	(1255, '20221PEI', 25),
	(1256, '2022FVOA', 25),
	(1257, '2022GCCN', 25),
	(1258, '2022C7NP', 25),
	(1259, '2022545G', 25),
	(1260, '20228U1Q', 25),
	(1261, '202273PK', 25),
	(1262, '2022DZIW', 25),
	(1263, '20225L0C', 25),
	(1264, '2022C93E', 25),
	(1265, '2022WU8Z', 25),
	(1266, '2022QPMD', 25),
	(1267, '2022LRID', 25),
	(1268, '2022WQ0B', 25),
	(1269, '2022P66U', 25),
	(1270, '2022D2LL', 25),
	(1271, '202285DS', 25),
	(1272, '20220315', 25),
	(1273, '202285KW', 25),
	(1274, '2022OT1Y', 25),
	(1275, '2022Z3WQ', 25),
	(1276, '2022FXK3', 25),
	(1277, '2022T70S', 25),
	(1278, '2022J0HN', 25),
	(1279, '20220E5H', 25),
	(1280, '2022NEUC', 25),
	(1281, '2022U0FE', 25),
	(1282, '2022QTJ5', 25),
	(1283, '2022RDEK', 25),
	(1284, '20220ARF', 25),
	(1285, '20224WWI', 25),
	(1286, '20222LFV', 25),
	(1287, '2022XDXP', 25),
	(1288, '2022AFI4', 25),
	(1289, '2022XD0N', 25),
	(1290, '2022WIBM', 25),
	(1291, '2022MI6M', 25),
	(1292, '2022UC40', 25),
	(1293, '2022B664', 25),
	(1294, '2022F31C', 25),
	(1295, '20220ILB', 25),
	(1296, '20221P2J', 25),
	(1297, '2022EURL', 25),
	(1298, '2022IK7P', 25),
	(1299, '2022NNIR', 25),
	(1300, '2022AXZ9', 25),
	(1301, '2022C57K', 25),
	(1302, '20224HGB', 25),
	(1303, '20220IS3', 25),
	(1304, '2022651E', 25),
	(1305, '2022IF0Z', 25),
	(1306, '2022NFY3', 25),
	(1307, '202298JX', 25),
	(1308, '20225TBS', 25),
	(1309, '2022K6HV', 25),
	(1310, '2022GTF0', 25),
	(1311, '2022L3L2', 25),
	(1312, '2022W0V9', 25),
	(1313, '202202C3', 25),
	(1314, '2022U90Y', 25),
	(1315, '20226JMC', 25),
	(1316, '20227FOT', 25),
	(1317, '2022P4BK', 25),
	(1318, '2022NUGH', 25),
	(1319, '202204XM', 25),
	(1320, '2022YSHO', 25),
	(1321, '2022QOVK', 25),
	(1322, '20226WOQ', 25),
	(1323, '2022RR0C', 25),
	(1324, '2022D13P', 25),
	(1325, '2022D8SC', 25),
	(1326, '2022DGFL', 25),
	(1327, '202253NO', 25),
	(1328, '2022M9BC', 25),
	(1329, '2022CR8K', 25),
	(1330, '2022XBW9', 25),
	(1331, '2022XO9Z', 25),
	(1332, '2022SXZS', 25),
	(1333, '2022SWEB', 25),
	(1334, '20220NEW', 25),
	(1335, '2022ZGEX', 25),
	(1336, '2022DZAO', 25),
	(1337, '2022I63A', 25),
	(1338, '2022T1Y4', 25),
	(1339, '20222TI0', 25),
	(1340, '2022THC3', 25),
	(1341, '20225JV0', 25),
	(1342, '2022P8ED', 25),
	(1343, '2022INVW', 25),
	(1344, '2022N1YM', 25),
	(1345, '2022ADKX', 25),
	(1346, '2022R7C1', 25),
	(1347, '20220QDA', 25),
	(1348, '2022I8IX', 25),
	(1349, '2022TS2I', 25),
	(1350, '2022KJ95', 25),
	(1351, '2022F6CC', 25),
	(1352, '2022MENM', 25),
	(1353, '2022RPAO', 25),
	(1354, '20220NI5', 25),
	(1355, '20225APE', 25),
	(1356, '2022T2ZD', 25),
	(1357, '20222WZB', 25),
	(1358, '2022QPHJ', 25),
	(1359, '2022JTGC', 25),
	(1360, '2022NTOY', 25),
	(1361, '2022KPX8', 25),
	(1362, '202287LY', 25),
	(1363, '2022W8WU', 25),
	(1364, '2022TRSP', 25),
	(1365, '2022QRWH', 25),
	(1366, '2022BVR8', 25),
	(1367, '2022Q8MU', 25),
	(1368, '20225G0S', 25),
	(1369, '2022OPB5', 25),
	(1370, '202235QD', 25),
	(1371, '2022XMUK', 25),
	(1372, '2022OXYO', 25),
	(1373, '2022F6HP', 25),
	(1374, '2022SCY5', 25),
	(1375, '2022P841', 25),
	(1376, '2022YPGA', 25),
	(1377, '2022VRGM', 25),
	(1378, '2022PHIW', 25),
	(1379, '2022HIPT', 25),
	(1380, '20221YCW', 25),
	(1381, '2022PYXW', 25),
	(1382, '2022QMU3', 25),
	(1383, '202293J7', 25),
	(1384, '2022E8CU', 25),
	(1385, '2022W7L2', 25),
	(1386, '2022EMRB', 25),
	(1387, '20228V5X', 25),
	(1388, '2022P8Q0', 25),
	(1389, '2022H1YH', 25),
	(1390, '2022L115', 25),
	(1391, '202235QQ', 25),
	(1392, '20225BTE', 25),
	(1393, '2022GXD7', 25),
	(1394, '2022TBXE', 25),
	(1395, '2022C5JQ', 25),
	(1396, '2022TR00', 25),
	(1397, '202240G0', 25),
	(1398, '2022FVVA', 25),
	(1399, '2022AND8', 25),
	(1400, '20229A59', 25),
	(1401, '2022ZZ4Z', 25),
	(1402, '20225JO4', 25),
	(1403, '2022B48P', 25),
	(1404, '2022G859', 25),
	(1405, '20224RE7', 25),
	(1406, '20220OES', 25),
	(1407, '2022C1BF', 25),
	(1408, '20221M8P', 25),
	(1409, '2022PK5F', 25),
	(1410, '2022GJ4Z', 25),
	(1411, '2022NU1A', 25),
	(1412, '20222P7P', 25),
	(1413, '202206WJ', 25),
	(1414, '2022K0RG', 25),
	(1415, '2022RKMC', 25),
	(1416, '20224CI2', 25),
	(1417, '2022QXP3', 25),
	(1418, '20229UXX', 25),
	(1419, '202263Y9', 25),
	(1420, '20226LGR', 25),
	(1421, '202207P2', 25),
	(1422, '2022WIZ0', 25),
	(1423, '2022UBWK', 25),
	(1424, '2022XGJU', 25),
	(1425, '202254GX', 25),
	(1426, '2022LSHY', 25),
	(1427, '2022XUUY', 25),
	(1428, '2022JRW5', 25),
	(1429, '2022Z641', 25),
	(1430, '2022EEUD', 25),
	(1431, '202292LA', 25),
	(1432, '20229LD7', 25),
	(1433, '2022VC80', 25),
	(1434, '2022ZAAD', 25),
	(1435, '2022VB9R', 25),
	(1436, '202250LX', 25),
	(1437, '2022DD60', 25),
	(1438, '20225P6P', 25),
	(1439, '20221FKV', 25),
	(1440, '20228CN5', 25),
	(1441, '20223FGI', 25),
	(1442, '2022LZUK', 25),
	(1443, '2022R47D', 25),
	(1444, '20226GF2', 25),
	(1445, '2022WSWU', 25),
	(1446, '20223UUK', 25),
	(1447, '2022YGR6', 25),
	(1448, '2022FX7K', 25),
	(1449, '2022MSVY', 25),
	(1450, '2022LCJR', 25),
	(1451, '2022LJ1E', 25),
	(1452, '2022KI3R', 25),
	(1453, '2022RXC8', 25),
	(1454, '2022G41P', 25),
	(1455, '20227C5O', 25),
	(1456, '2022Y3ZJ', 25),
	(1457, '2022OKVZ', 25),
	(1458, '2022TFFL', 25),
	(1459, '2022GX5I', 25),
	(1460, '2022WH0Y', 25),
	(1461, '2022O7LK', 25),
	(1462, '2022KOAI', 25),
	(1463, '2022I7UC', 25),
	(1464, '2022ULVF', 25),
	(1465, '2022WLL6', 25),
	(1466, '2022NCAU', 25),
	(1467, '2022GMYG', 25),
	(1468, '2022L4EN', 25),
	(1469, '2022YHDP', 25),
	(1470, '2022NRQY', 25),
	(1471, '2022BV6S', 25),
	(1472, '2022CAXK', 25),
	(1473, '2022D9PK', 25),
	(1474, '2022HY82', 25),
	(1475, '2022ABPP', 25),
	(1476, '2022JBIG', 25),
	(1477, '2022D8QI', 25),
	(1478, '2022H0A3', 25),
	(1479, '2022A7MP', 25),
	(1480, '2022MXSR', 25),
	(1481, '2022UNNF', 25),
	(1482, '2022HLLK', 25),
	(1483, '202255RL', 25),
	(1484, '20227KFD', 25),
	(1485, '2022H905', 25),
	(1486, '20225CYZ', 25),
	(1487, '20223BZ8', 25),
	(1488, '2022ZZHP', 25),
	(1489, '20220VU6', 25),
	(1490, '2022O4TK', 25),
	(1491, '2022V8N6', 25),
	(1492, '2022XQHU', 25),
	(1493, '2022UIBB', 25),
	(1494, '2022Z7PX', 25),
	(1495, '2022FUPR', 25),
	(1496, '202280EM', 25),
	(1497, '2022ADGT', 25),
	(1498, '2022YKA3', 25),
	(1499, '2022KHD3', 25),
	(1500, '2022SPKK', 25),
	(1501, '2022NH50', 25),
	(1502, '2022IU7K', 25),
	(1503, '2022RYCU', 25),
	(1504, '2022AZHD', 25),
	(1505, '20227R3I', 25),
	(1506, '2022ZKDB', 25),
	(1507, '2022J48H', 25),
	(1508, '202278XP', 25),
	(1509, '2022404T', 25),
	(1510, '202237JN', 25),
	(1511, '2022ZQY4', 25),
	(1512, '20225LU6', 25),
	(1513, '2022X8HC', 25),
	(1514, '202253JB', 25),
	(1515, '20223PLG', 25),
	(1516, '2022Y0SF', 25),
	(1517, '2022XIH1', 25),
	(1518, '2022QL91', 25),
	(1519, '2022NO0D', 25),
	(1520, '2022I21P', 25),
	(1521, '20221VV5', 25),
	(1522, '2022CV11', 25),
	(1523, '2022K00A', 25),
	(1524, '20221O62', 25),
	(1525, '2022LNBV', 25),
	(1526, '20227C7D', 25),
	(1527, '20222QRA', 25),
	(1528, '2022BNW2', 25),
	(1529, '2022H52T', 25),
	(1530, '2022FEZ7', 25),
	(1531, '2022VLBC', 25),
	(1532, '2022MAJK', 25),
	(1533, '2022UEL3', 25),
	(1534, '2022LOM0', 25),
	(1535, '2022XCHA', 25),
	(1536, '2022N6BF', 25),
	(1537, '2022DJ33', 25),
	(1538, '20225P0P', 25),
	(1539, '20226U66', 25),
	(1540, '20221MIG', 25),
	(1541, '2022C9AA', 25),
	(1542, '2022R737', 25),
	(1543, '202263GY', 25),
	(1544, '2022F3S5', 25),
	(1545, '2022Z0N1', 25),
	(1546, '2022KNZX', 25),
	(1547, '20225BQT', 25),
	(1548, '2022IVVT', 25),
	(1549, '2022WZXP', 25),
	(1550, '2022LHV4', 25),
	(1551, '2022OYIB', 25),
	(1552, '2022WZ4G', 25),
	(1553, '2022K82B', 25),
	(1572, '2023QETS', 35),
	(1573, '2023EFL9', 35),
	(1574, '2023GEF3', 35),
	(1575, '20238H2U', 42),
	(1576, '2023K5WR', 42),
	(1577, '202376A8', 42),
	(1578, '2023424X', 42),
	(1579, '2023SQY5', 42);

-- Dumping structure for table smkbatik_pemilos.pemilih
DROP TABLE IF EXISTS `pemilih`;
CREATE TABLE IF NOT EXISTS `pemilih` (
  `id_pemilih` int(11) NOT NULL AUTO_INCREMENT,
  `pilih` varchar(50) NOT NULL,
  `id_kode` int(11) NOT NULL,
  `id_tahun` int(11) NOT NULL,
  `id_user` int(11) NOT NULL,
  PRIMARY KEY (`id_pemilih`)
) ENGINE=InnoDB AUTO_INCREMENT=505 DEFAULT CHARSET=latin1 COLLATE=latin1_swedish_ci;

-- Dumping data for table smkbatik_pemilos.pemilih: ~475 rows (approximately)
DELETE FROM `pemilih`;
INSERT INTO `pemilih` (`id_pemilih`, `pilih`, `id_kode`, `id_tahun`, `id_user`) VALUES
	(1, '76', 1025, 25, 76),
	(2, '77', 1038, 25, 77),
	(3, '76', 1246, 25, 76),
	(4, '76', 1011, 25, 76),
	(5, '77', 1371, 25, 77),
	(6, '76', 1432, 25, 76),
	(7, '76', 1224, 25, 76),
	(8, '76', 1451, 25, 76),
	(9, '76', 1405, 25, 76),
	(10, '75', 1396, 25, 75),
	(11, '77', 1518, 25, 77),
	(12, '76', 1411, 25, 76),
	(13, '76', 1426, 25, 76),
	(14, '76', 1156, 25, 76),
	(15, '77', 1377, 25, 77),
	(16, '76', 1402, 25, 76),
	(17, '76', 1012, 25, 76),
	(18, '76', 1399, 25, 76),
	(19, '75', 1400, 25, 75),
	(20, '77', 1441, 25, 77),
	(21, '76', 1444, 25, 76),
	(22, '77', 1423, 25, 77),
	(23, '76', 1004, 25, 76),
	(24, '77', 1284, 25, 77),
	(25, '77', 1429, 25, 77),
	(26, '76', 1447, 25, 76),
	(27, '76', 1435, 25, 76),
	(28, '77', 1034, 25, 77),
	(29, '76', 1427, 25, 76),
	(30, '76', 1438, 25, 76),
	(31, '76', 1414, 25, 76),
	(32, '76', 1213, 25, 76),
	(33, '75', 1035, 25, 75),
	(34, '76', 1434, 25, 76),
	(35, '77', 1299, 25, 77),
	(36, '76', 1159, 25, 76),
	(37, '77', 1039, 25, 77),
	(38, '75', 1160, 25, 75),
	(39, '77', 1014, 25, 77),
	(40, '76', 1449, 25, 76),
	(41, '76', 1042, 25, 76),
	(42, '76', 1443, 25, 76),
	(43, '76', 1522, 25, 76),
	(44, '75', 1109, 25, 75),
	(45, '76', 1304, 25, 76),
	(46, '76', 1272, 25, 76),
	(47, '76', 1052, 25, 76),
	(48, '76', 1097, 25, 76),
	(49, '77', 1043, 25, 77),
	(50, '76', 1100, 25, 76),
	(51, '76', 1331, 25, 76),
	(52, '76', 1450, 25, 76),
	(53, '76', 1117, 25, 76),
	(54, '76', 1098, 25, 76),
	(55, '77', 1269, 25, 77),
	(56, '76', 1219, 25, 76),
	(57, '76', 1230, 25, 76),
	(58, '76', 1178, 25, 76),
	(59, '75', 1029, 25, 75),
	(60, '75', 1151, 25, 75),
	(61, '75', 1106, 25, 75),
	(62, '76', 1393, 25, 76),
	(63, '77', 1045, 25, 77),
	(64, '76', 1542, 25, 76),
	(65, '77', 1180, 25, 77),
	(66, '75', 1258, 25, 75),
	(67, '76', 1292, 25, 76),
	(68, '77', 1352, 25, 77),
	(69, '76', 1463, 25, 76),
	(70, '76', 1262, 25, 76),
	(71, '76', 1512, 25, 76),
	(72, '76', 1500, 25, 76),
	(73, '76', 1102, 25, 76),
	(74, '77', 1338, 25, 77),
	(75, '76', 1179, 25, 76),
	(76, '76', 1543, 25, 76),
	(77, '75', 1320, 25, 75),
	(78, '75', 1105, 25, 75),
	(79, '77', 1053, 25, 77),
	(80, '76', 1490, 25, 76),
	(81, '77', 1086, 25, 77),
	(82, '76', 1221, 25, 76),
	(83, '76', 1167, 25, 76),
	(84, '76', 1226, 25, 76),
	(85, '76', 1362, 25, 76),
	(86, '76', 1533, 25, 76),
	(87, '76', 1324, 25, 76),
	(88, '76', 1163, 25, 76),
	(89, '75', 1383, 25, 75),
	(90, '76', 1318, 25, 76),
	(91, '76', 1175, 25, 76),
	(92, '76', 1152, 25, 76),
	(93, '76', 1329, 25, 76),
	(94, '75', 1484, 25, 75),
	(95, '76', 1277, 25, 76),
	(96, '77', 1479, 25, 77),
	(97, '75', 1477, 25, 75),
	(98, '76', 1496, 25, 76),
	(99, '76', 1312, 25, 76),
	(100, '76', 1313, 25, 76),
	(101, '77', 1092, 25, 77),
	(102, '77', 1096, 25, 77),
	(103, '77', 1468, 25, 77),
	(104, '75', 1216, 25, 75),
	(105, '75', 1257, 25, 75),
	(106, '76', 1243, 25, 76),
	(107, '77', 1111, 25, 77),
	(108, '76', 1080, 25, 76),
	(109, '76', 1030, 25, 76),
	(110, '77', 1462, 25, 77),
	(111, '76', 1448, 25, 76),
	(112, '77', 1458, 25, 77),
	(113, '77', 1459, 25, 77),
	(114, '77', 1202, 25, 77),
	(115, '76', 1264, 25, 76),
	(116, '77', 1165, 25, 77),
	(117, '75', 1041, 25, 75),
	(118, '77', 1210, 25, 77),
	(119, '76', 1526, 25, 76),
	(120, '76', 1316, 25, 76),
	(121, '76', 1375, 25, 76),
	(122, '75', 1539, 25, 75),
	(123, '76', 1047, 25, 76),
	(124, '76', 1209, 25, 76),
	(125, '76', 1326, 25, 76),
	(126, '76', 1455, 25, 76),
	(127, '77', 1254, 25, 77),
	(128, '77', 1166, 25, 77),
	(129, '76', 1250, 25, 76),
	(130, '76', 1545, 25, 76),
	(131, '75', 1214, 25, 75),
	(132, '76', 1237, 25, 76),
	(133, '75', 1476, 25, 75),
	(134, '76', 1177, 25, 76),
	(135, '77', 1473, 25, 77),
	(136, '77', 1247, 25, 77),
	(137, '76', 1050, 25, 76),
	(138, '76', 1478, 25, 76),
	(139, '75', 1077, 25, 75),
	(140, '76', 1475, 25, 76),
	(141, '76', 1538, 25, 76),
	(142, '75', 1131, 25, 75),
	(143, '77', 1536, 25, 77),
	(144, '76', 1266, 25, 76),
	(145, '75', 1220, 25, 75),
	(146, '77', 1184, 25, 77),
	(147, '77', 1089, 25, 77),
	(148, '76', 1099, 25, 76),
	(149, '75', 1055, 25, 75),
	(150, '76', 1301, 25, 76),
	(151, '76', 1040, 25, 76),
	(152, '75', 1249, 25, 75),
	(153, '76', 1528, 25, 76),
	(154, '76', 1074, 25, 76),
	(155, '77', 1381, 25, 77),
	(156, '77', 1397, 25, 77),
	(157, '77', 1062, 25, 77),
	(158, '76', 1392, 25, 76),
	(159, '76', 1378, 25, 76),
	(160, '75', 1372, 25, 75),
	(161, '76', 1049, 25, 76),
	(162, '76', 1124, 25, 76),
	(163, '76', 1251, 25, 76),
	(164, '77', 1168, 25, 77),
	(165, '76', 1267, 25, 76),
	(166, '75', 1194, 25, 75),
	(167, '76', 1154, 25, 76),
	(168, '75', 1138, 25, 75),
	(169, '75', 1398, 25, 75),
	(170, '77', 1356, 25, 77),
	(171, '76', 1233, 25, 76),
	(172, '76', 1240, 25, 76),
	(173, '77', 1346, 25, 77),
	(174, '77', 1505, 25, 77),
	(175, '76', 1205, 25, 76),
	(176, '77', 1385, 25, 77),
	(177, '76', 1466, 25, 76),
	(178, '75', 1110, 25, 75),
	(179, '75', 1255, 25, 75),
	(180, '77', 1306, 25, 77),
	(181, '76', 1068, 25, 76),
	(182, '75', 1354, 25, 75),
	(183, '76', 1319, 25, 76),
	(184, '76', 1323, 25, 76),
	(185, '77', 1517, 25, 77),
	(186, '75', 1503, 25, 75),
	(187, '76', 1007, 25, 76),
	(188, '77', 1485, 25, 77),
	(189, '76', 1495, 25, 76),
	(190, '76', 1436, 25, 76),
	(191, '76', 1467, 25, 76),
	(192, '76', 1081, 25, 76),
	(193, '77', 1204, 25, 77),
	(194, '76', 1239, 25, 76),
	(195, '76', 1300, 25, 76),
	(196, '76', 1519, 25, 76),
	(197, '75', 1253, 25, 75),
	(198, '76', 1460, 25, 76),
	(199, '76', 1265, 25, 76),
	(200, '77', 1350, 25, 77),
	(201, '76', 1461, 25, 76),
	(202, '76', 1046, 25, 76),
	(203, '76', 1037, 25, 76),
	(204, '77', 1417, 25, 77),
	(205, '76', 1186, 25, 76),
	(206, '76', 1107, 25, 76),
	(207, '76', 1404, 25, 76),
	(208, '77', 1207, 25, 77),
	(209, '76', 1498, 25, 76),
	(210, '77', 1415, 25, 77),
	(211, '76', 1218, 25, 76),
	(212, '77', 1044, 25, 77),
	(213, '76', 1470, 25, 76),
	(214, '76', 1078, 25, 76),
	(215, '75', 1541, 25, 75),
	(216, '76', 1122, 25, 76),
	(217, '77', 1058, 25, 77),
	(218, '76', 1201, 25, 76),
	(219, '77', 1073, 25, 77),
	(220, '76', 1334, 25, 76),
	(221, '76', 1504, 25, 76),
	(222, '77', 1425, 25, 77),
	(223, '77', 1215, 25, 77),
	(224, '76', 1537, 25, 76),
	(225, '76', 1305, 25, 76),
	(226, '76', 1433, 25, 76),
	(227, '77', 1273, 25, 77),
	(228, '77', 1520, 25, 77),
	(229, '76', 1395, 25, 76),
	(230, '76', 1351, 25, 76),
	(231, '76', 1481, 25, 76),
	(232, '76', 1548, 25, 76),
	(233, '76', 1535, 25, 76),
	(234, '76', 1006, 25, 76),
	(235, '76', 1191, 25, 76),
	(236, '76', 1552, 25, 76),
	(237, '76', 1136, 25, 76),
	(238, '76', 1069, 25, 76),
	(239, '76', 1085, 25, 76),
	(240, '75', 1070, 25, 75),
	(241, '77', 1083, 25, 77),
	(242, '77', 1173, 25, 77),
	(243, '76', 1488, 25, 76),
	(244, '76', 1403, 25, 76),
	(245, '75', 1076, 25, 75),
	(246, '76', 1118, 25, 76),
	(247, '75', 1420, 25, 75),
	(248, '76', 1341, 25, 76),
	(249, '76', 1386, 25, 76),
	(250, '76', 1340, 25, 76),
	(251, '76', 1067, 25, 76),
	(252, '76', 1084, 25, 76),
	(253, '76', 1293, 25, 76),
	(254, '76', 1366, 25, 76),
	(255, '76', 1185, 25, 76),
	(256, '76', 1355, 25, 76),
	(257, '77', 1527, 25, 77),
	(258, '76', 1031, 25, 76),
	(259, '77', 1104, 25, 77),
	(260, '76', 1087, 25, 76),
	(261, '75', 1146, 25, 75),
	(262, '75', 1137, 25, 75),
	(263, '76', 1231, 25, 76),
	(264, '77', 1206, 25, 77),
	(265, '77', 1091, 25, 77),
	(266, '76', 1114, 25, 76),
	(267, '76', 1514, 25, 76),
	(268, '75', 1090, 25, 75),
	(269, '76', 1164, 25, 76),
	(270, '76', 1487, 25, 76),
	(271, '76', 1153, 25, 76),
	(272, '76', 1227, 25, 76),
	(273, '75', 1149, 25, 75),
	(274, '76', 1532, 25, 76),
	(275, '75', 1408, 25, 75),
	(276, '75', 1472, 25, 75),
	(277, '76', 1072, 25, 76),
	(278, '77', 1129, 25, 77),
	(279, '75', 1343, 25, 75),
	(280, '76', 1494, 25, 76),
	(281, '75', 1442, 25, 75),
	(282, '76', 1079, 25, 76),
	(283, '76', 1144, 25, 76),
	(284, '77', 1139, 25, 77),
	(285, '77', 1489, 25, 77),
	(286, '77', 1464, 25, 77),
	(287, '76', 1217, 25, 76),
	(288, '75', 1509, 25, 75),
	(289, '76', 1150, 25, 76),
	(290, '76', 1302, 25, 76),
	(291, '76', 1529, 25, 76),
	(292, '76', 1359, 25, 76),
	(293, '76', 1349, 25, 76),
	(294, '76', 1157, 25, 76),
	(295, '77', 1094, 25, 77),
	(296, '76', 1127, 25, 76),
	(297, '76', 1502, 25, 76),
	(298, '76', 1474, 25, 76),
	(299, '76', 1507, 25, 76),
	(300, '77', 1234, 25, 77),
	(301, '75', 1140, 25, 75),
	(302, '76', 1145, 25, 76),
	(303, '75', 1141, 25, 75),
	(304, '76', 1353, 25, 76),
	(305, '75', 1147, 25, 75),
	(306, '76', 1064, 25, 76),
	(307, '75', 1128, 25, 75),
	(308, '75', 1212, 25, 75),
	(309, '76', 1291, 25, 76),
	(310, '75', 1033, 25, 75),
	(311, '77', 1501, 25, 77),
	(312, '76', 1499, 25, 76),
	(313, '76', 1289, 25, 76),
	(314, '75', 1491, 25, 75),
	(315, '76', 1440, 25, 76),
	(316, '75', 1260, 25, 75),
	(317, '76', 1339, 25, 76),
	(318, '76', 1285, 25, 76),
	(319, '76', 1095, 25, 76),
	(320, '76', 1333, 25, 76),
	(321, '76', 1282, 25, 76),
	(322, '77', 1515, 25, 77),
	(323, '76', 1388, 25, 76),
	(324, '77', 1142, 25, 77),
	(325, '75', 1497, 25, 75),
	(326, '76', 1469, 25, 76),
	(327, '76', 1296, 25, 76),
	(328, '76', 1471, 25, 76),
	(329, '76', 1315, 25, 76),
	(330, '76', 1276, 25, 76),
	(331, '77', 1075, 25, 77),
	(332, '76', 1200, 25, 76),
	(333, '76', 1290, 25, 76),
	(334, '76', 1553, 25, 76),
	(335, '76', 1379, 25, 76),
	(336, '76', 1508, 25, 76),
	(337, '77', 1125, 25, 77),
	(338, '75', 1169, 25, 75),
	(339, '76', 1115, 25, 76),
	(340, '76', 1027, 25, 76),
	(341, '76', 1008, 25, 76),
	(342, '76', 1155, 25, 76),
	(343, '76', 1325, 25, 76),
	(344, '76', 1271, 25, 76),
	(345, '76', 1410, 25, 76),
	(346, '76', 1412, 25, 76),
	(347, '77', 1483, 25, 77),
	(348, '76', 1419, 25, 76),
	(349, '76', 1113, 25, 76),
	(350, '76', 1547, 25, 76),
	(351, '76', 1389, 25, 76),
	(352, '76', 1342, 25, 76),
	(353, '76', 1330, 25, 76),
	(354, '77', 1424, 25, 77),
	(355, '76', 1453, 25, 76),
	(356, '76', 1337, 25, 76),
	(357, '76', 1126, 25, 76),
	(358, '76', 1394, 25, 76),
	(359, '76', 1513, 25, 76),
	(360, '75', 1195, 25, 75),
	(361, '76', 1328, 25, 76),
	(362, '76', 1344, 25, 76),
	(363, '76', 1015, 25, 76),
	(364, '76', 1531, 25, 76),
	(365, '76', 1309, 25, 76),
	(366, '75', 1549, 25, 75),
	(367, '76', 1297, 25, 76),
	(368, '76', 1134, 25, 76),
	(369, '77', 1108, 25, 77),
	(370, '75', 1421, 25, 75),
	(371, '76', 1056, 25, 76),
	(372, '77', 1406, 25, 77),
	(373, '76', 1314, 25, 76),
	(374, '76', 1071, 25, 76),
	(375, '77', 1192, 25, 77),
	(376, '77', 1550, 25, 77),
	(377, '77', 1445, 25, 77),
	(378, '77', 1294, 25, 77),
	(379, '77', 1171, 25, 77),
	(380, '76', 1303, 25, 76),
	(381, '76', 1101, 25, 76),
	(382, '77', 1028, 25, 77),
	(383, '76', 1413, 25, 76),
	(384, '75', 1317, 25, 75),
	(385, '76', 1357, 25, 76),
	(386, '77', 1546, 25, 77),
	(387, '76', 1544, 25, 76),
	(388, '76', 1345, 25, 76),
	(389, '77', 1336, 25, 77),
	(390, '76', 1310, 25, 76),
	(391, '76', 1287, 25, 76),
	(392, '76', 1280, 25, 76),
	(393, '76', 1188, 25, 76),
	(394, '77', 1493, 25, 77),
	(395, '76', 1241, 25, 76),
	(396, '76', 1259, 25, 76),
	(397, '76', 1054, 25, 76),
	(398, '75', 1016, 25, 75),
	(399, '76', 1112, 25, 76),
	(400, '77', 1172, 25, 77),
	(401, '76', 1242, 25, 76),
	(402, '76', 1261, 25, 76),
	(403, '76', 1452, 25, 76),
	(404, '76', 1162, 25, 76),
	(405, '76', 1051, 25, 76),
	(406, '75', 1387, 25, 75),
	(407, '77', 1298, 25, 77),
	(408, '76', 1048, 25, 76),
	(409, '75', 1270, 25, 75),
	(410, '77', 1198, 25, 77),
	(411, '76', 1193, 25, 76),
	(412, '75', 1229, 25, 75),
	(413, '77', 1161, 25, 77),
	(414, '76', 1308, 25, 76),
	(415, '77', 1065, 25, 77),
	(416, '76', 1327, 25, 76),
	(417, '77', 1457, 25, 77),
	(418, '77', 1176, 25, 77),
	(419, '75', 1063, 25, 75),
	(420, '75', 1005, 25, 75),
	(421, '75', 1024, 25, 75),
	(422, '75', 1061, 25, 75),
	(423, '76', 1279, 25, 76),
	(424, '76', 1358, 25, 76),
	(425, '76', 1263, 25, 76),
	(426, '77', 1439, 25, 77),
	(427, '77', 1360, 25, 77),
	(428, '76', 1244, 25, 76),
	(429, '76', 1384, 25, 76),
	(430, '76', 1390, 25, 76),
	(431, '77', 1245, 25, 77),
	(432, '77', 1211, 25, 77),
	(433, '76', 1506, 25, 76),
	(434, '75', 1020, 25, 75),
	(435, '76', 1223, 25, 76),
	(436, '77', 1401, 25, 77),
	(437, '75', 1009, 25, 75),
	(438, '76', 1409, 25, 76),
	(439, '76', 1486, 25, 76),
	(440, '76', 1373, 25, 76),
	(441, '75', 1256, 25, 75),
	(442, '76', 1238, 25, 76),
	(443, '77', 1376, 25, 77),
	(444, '76', 1456, 25, 76),
	(445, '76', 1148, 25, 76),
	(446, '76', 1088, 25, 76),
	(447, '76', 1511, 25, 76),
	(448, '77', 1187, 25, 77),
	(449, '75', 1516, 25, 75),
	(450, '76', 1232, 25, 76),
	(451, '76', 1283, 25, 76),
	(452, '76', 1060, 25, 76),
	(453, '77', 1416, 25, 77),
	(454, '75', 1019, 25, 75),
	(455, '77', 1196, 25, 77),
	(456, '75', 1143, 25, 75),
	(457, '76', 1189, 25, 76),
	(458, '76', 1252, 25, 76),
	(459, '77', 1437, 25, 77),
	(460, '77', 1288, 25, 77),
	(461, '77', 1183, 25, 77),
	(462, '77', 1182, 25, 77),
	(463, '76', 1365, 25, 76),
	(464, '76', 1199, 25, 76),
	(465, '77', 1510, 25, 77),
	(466, '76', 1525, 25, 76),
	(467, '77', 1132, 25, 77),
	(468, '75', 1248, 25, 75),
	(469, '76', 1190, 25, 76),
	(470, '76', 1032, 25, 76),
	(471, '77', 1348, 25, 77),
	(472, '75', 1380, 25, 75),
	(473, '75', 1133, 25, 75),
	(474, '76', 1130, 25, 76),
	(475, '76', 1135, 25, 76),
	(476, '75', 1225, 25, 75),
	(477, '76', 1422, 25, 76),
	(478, '76', 1228, 25, 76),
	(479, '76', 1274, 25, 76),
	(480, '76', 1367, 25, 76),
	(481, '76', 1391, 25, 76),
	(482, '75', 1418, 25, 75),
	(483, '77', 1374, 25, 77),
	(484, '75', 1275, 25, 75),
	(485, '76', 1059, 25, 76),
	(486, '75', 1082, 25, 75),
	(487, '76', 1430, 25, 76),
	(488, '76', 1017, 25, 76),
	(489, '75', 1066, 25, 75),
	(490, '75', 1363, 25, 75),
	(491, '76', 1407, 25, 76),
	(492, '76', 1335, 25, 76),
	(493, '76', 1119, 25, 76),
	(494, '77', 1311, 25, 77),
	(495, '77', 1530, 25, 77),
	(503, '75', 1123, 25, 75),
	(504, '77', 1222, 35, 77);

-- Dumping structure for table smkbatik_pemilos.statistic
DROP TABLE IF EXISTS `statistic`;
CREATE TABLE IF NOT EXISTS `statistic` (
  `id_statistik` int(11) NOT NULL AUTO_INCREMENT,
  `id_dataCalon` int(11) NOT NULL,
  `id_tahun` int(11) DEFAULT NULL,
  `statistic_pemilih` int(11) DEFAULT NULL,
  `presentase_pemilih` varchar(255) DEFAULT NULL,
  PRIMARY KEY (`id_statistik`)
) ENGINE=InnoDB AUTO_INCREMENT=39 DEFAULT CHARSET=latin1 COLLATE=latin1_swedish_ci;

-- Dumping data for table smkbatik_pemilos.statistic: ~6 rows (approximately)
DELETE FROM `statistic`;
INSERT INTO `statistic` (`id_statistik`, `id_dataCalon`, `id_tahun`, `statistic_pemilih`, `presentase_pemilih`) VALUES
	(1, 75, 25, 84, NULL),
	(2, 76, 25, 294, NULL),
	(3, 77, 25, 117, NULL),
	(36, 75, 25, 85, NULL),
	(37, 76, 25, 294, NULL),
	(38, 77, 25, 118, NULL);

-- Dumping structure for table smkbatik_pemilos.tahun
DROP TABLE IF EXISTS `tahun`;
CREATE TABLE IF NOT EXISTS `tahun` (
  `id_tahun` int(11) NOT NULL AUTO_INCREMENT,
  `tahun_pemilu` varchar(20) NOT NULL,
  `status` tinyint(4) NOT NULL DEFAULT 0,
  `kondisi` varchar(20) NOT NULL,
  `dipilih` tinyint(4) NOT NULL DEFAULT 0,
  PRIMARY KEY (`id_tahun`)
) ENGINE=InnoDB AUTO_INCREMENT=43 DEFAULT CHARSET=latin1 COLLATE=latin1_swedish_ci;

-- Dumping data for table smkbatik_pemilos.tahun: ~1 rows (approximately)
DELETE FROM `tahun`;
INSERT INTO `tahun` (`id_tahun`, `tahun_pemilu`, `status`, `kondisi`, `dipilih`) VALUES
	(25, '2022', 0, 'aktif', 1),
	(42, '2023', 1, '', 0);

-- Dumping structure for table smkbatik_pemilos.user
DROP TABLE IF EXISTS `user`;
CREATE TABLE IF NOT EXISTS `user` (
  `id_user` int(11) NOT NULL AUTO_INCREMENT,
  `password` varchar(100) NOT NULL,
  `username` varchar(10) NOT NULL,
  `name` varchar(50) NOT NULL,
  `level` varchar(30) DEFAULT NULL,
  `no-HP` varchar(50) NOT NULL DEFAULT '',
  `id_tahun` int(11) NOT NULL,
  `status` varchar(50) DEFAULT NULL,
  `default_sandi` varchar(20) DEFAULT NULL,
  PRIMARY KEY (`id_user`)
) ENGINE=InnoDB AUTO_INCREMENT=118 DEFAULT CHARSET=latin1 COLLATE=latin1_swedish_ci;

-- Dumping data for table smkbatik_pemilos.user: ~8 rows (approximately)
DELETE FROM `user`;
INSERT INTO `user` (`id_user`, `password`, `username`, `name`, `level`, `no-HP`, `id_tahun`, `status`, `default_sandi`) VALUES
	(1, '0192023a7bbd73250516f069df18b500', 'ad_utama', 'ADMIN UTAM', 'admin', '123456789', 25, 'aktif', NULL),
	(16, 'f414face756c143bb2be71c33c978073', 'anggota', 'samidin lah broo', 'anggota', '0', 25, 'aktif', NULL),
	(75, '1c64c37ed01cf6227fbbbdbf452d1901', 'ca_satu', 'calon ke 1', 'calon', '0', 25, 'aktif', NULL),
	(76, '10a564c6e45e304f2b1b8d02f90b23c0', 'ca_dua', 'calon ke 2', 'calon', '', 25, 'aktif', NULL),
	(77, '267f1914a4b06ec1151fd4363cf40458', 'ca_tiga', 'calon ke 3', 'calon', '', 25, 'aktif', NULL),
	(83, '065523a43f03f08a1ca6ff724df5bffe', 'paiman', '', 'anggota', '', 35, 'admin', NULL),
	(107, 'c20ad4d76fe97759aa27a0c99bff6710', 'lama', '', 'admin', '', 37, 'admin', NULL),
	(113, 'f970e2767d0cfe75876ea857f92e319b', 'as', '', 'admin', '', 25, NULL, NULL),
	(114, '0cc175b9c0f1b6a831c399e269772661', 'a', '', 'anggota', '', 35, NULL, NULL),
	(116, '27946274a201346f0322e3861909b5ff', 'calon2024', 'calon ke 1', 'calon', '', 42, NULL, NULL),
	(117, 'a319360336c8cac32102f4dffbee4260', 'calon2_202', 'calon ke 2', 'calon', '', 42, NULL, NULL);

/*!40103 SET TIME_ZONE=IFNULL(@OLD_TIME_ZONE, 'system') */;
/*!40101 SET SQL_MODE=IFNULL(@OLD_SQL_MODE, '') */;
/*!40014 SET FOREIGN_KEY_CHECKS=IFNULL(@OLD_FOREIGN_KEY_CHECKS, 1) */;
/*!40101 SET CHARACTER_SET_CLIENT=@OLD_CHARACTER_SET_CLIENT */;
/*!40111 SET SQL_NOTES=IFNULL(@OLD_SQL_NOTES, 1) */;
